index,prompt,correct_answer
1,"Ord: implementera 

a) delta i 
b) avskaffa 
c) lägga sig i 
d) genomföra

Svar: d)
Ord: transparens
 
a) översikt
b) utsöndring
c) öppenhet
d) utbredning
e) förvandling
 
Svar:",c)
2,"Ord: implementera 

a) delta i 
b) avskaffa 
c) lägga sig i 
d) genomföra

Svar: d)

Ord: bemöda sig
 
a) opponera sig
b) utstå kritik
c) behärska sig
d) vägra lyda
e) anstränga sig
 
Svar:",e)
3,"Ord: implementera 

a) delta i 
b) avskaffa 
c) lägga sig i 
d) genomföra

Svar: d)

Ord: marodör
 
a) lögnare
b) ensamvarg
c) djurtämjare
d) skadegörare
e) ryttare
 
Svar:",d)
4,"Ord: implementera 

a) delta i 
b) avskaffa 
c) lägga sig i 
d) genomföra

Svar: d)

Ord: koherent
 
a) begränsad
b) föränderlig
c) sammanhängande
d) fördjupad
e) användbar
 
Svar:",c)
5,"Ord: implementera 

a) delta i 
b) avskaffa 
c) lägga sig i 
d) genomföra

Svar: d)

Ord: besinning
 
a) lugn
b) nervositet
c) tvivel
d) känslighet
e) obehag
 
Svar:",a)
6,"Ord: implementera 

a) delta i 
b) avskaffa 
c) lägga sig i 
d) genomföra

Svar: d)

Ord: slagkraftig
 
a) stabil
b) uthållig
c) impulsiv
d) verkningsfull
e) svårknäckt
 
Svar:",d)
7,"Ord: implementera 

a) delta i 
b) avskaffa 
c) lägga sig i 
d) genomföra

Svar: d)

Ord: konstellation
 
a) uppdrag
b) gruppering
c) påverkan
d) förberedelse
e) omflyttning
 
Svar:",b)
8,"Ord: implementera 

a) delta i 
b) avskaffa 
c) lägga sig i 
d) genomföra

Svar: d)

Ord: av hävd
 
a) av intresse
b) av tradition
c) av lojalitet
d) av misstag
e) av själviskhet
 
Svar:",b)
9,"Ord: implementera 

a) delta i 
b) avskaffa 
c) lägga sig i 
d) genomföra

Svar: d)

Ord: fordran
 
a) krav
b) förskott
c) återbäring
d) sparkapital
e) inbetalning
 
Svar:",a)
10,"Ord: implementera 

a) delta i 
b) avskaffa 
c) lägga sig i 
d) genomföra

Svar: d)

Ord: varsko
 
a) upptäcka
b) beklaga
c) förvarna
d) inbilla
e) bevara
 
Svar:",c)
11,"Glömskan
Det man kallar glömska är bara en mycket stor tid. Den är gränslös för att den egentligen är hela tiden, och därför är den också alltid närvarande på ett sätt som den lilla tiden inte klarar, för den lilla tiden är en å där det flyter kottar. Men glömskan är ett hav och om man kastar en kotte i havet driver den bara ut och försvinner. Till slut sjunker den. 

Glömskan är alltid här, och kan också uppsluka oss. Den kan uppsluka oss och spotta ut oss. Idag var jag i glömskan men sen kom jag tillbaka. Då hade katten fått ungar. Ibland är bara händerna där, i förströelse ovanpå duken stryker dom över en kniv medan dagen sakta grusas och faller i ett långsamt grått tumult hit in. 

När vi dör ska vi falla ur tiden och vara i den stora tiden. Det är sagt så. Vi ska vandra där likt strutsar, likt strutsars avkomma, eller likt strutsars ägg, i ultrarapid med halsar vajande i ett grågrönt dis, som i en film om en öken som man ser en vanlig vit onsdag eftermiddag. 

Glömskan finns också mellan människor i nästan varje ögonblink, ja bokstavligen för när människor blinkar är dom där, bakom ögonlocken pågår ett ingenting, en orgie, som dom inte kan slita sig ifrån, dom måste dit igen och igen. Men dom kämpar denna kamp var och en för sig, så ensamma, ty att älska glömskan är en skam bland människor, vi har alla lovat att ständigt finnas tillhands, och med det menas: ständigt.

- Thomas Tidholm

Uppgift: Vad är titeln för texten? 

a) Stora tid 
b) Glömskan 
c) Katten 
d) Ögonblick 

Svar: b)

Uppgift: I texten står det om strutsar som vandrar ”med halsar vajande i ett grågrönt dis”. Vad symboliserar den bilden? 

a) Naturens läkande kraft. 
b) Hoppet om en framtid. 
c) Hur det är att vara död. 
d) Att vardagen skapar trygghet.

Svar:",c)
12,"Glömskan
Det man kallar glömska är bara en mycket stor tid. Den är gränslös för att den egentligen är hela tiden, och därför är den också alltid närvarande på ett sätt som den lilla tiden inte klarar, för den lilla tiden är en å där det flyter kottar. Men glömskan är ett hav och om man kastar en kotte i havet driver den bara ut och försvinner. Till slut sjunker den. 

Glömskan är alltid här, och kan också uppsluka oss. Den kan uppsluka oss och spotta ut oss. Idag var jag i glömskan men sen kom jag tillbaka. Då hade katten fått ungar. Ibland är bara händerna där, i förströelse ovanpå duken stryker dom över en kniv medan dagen sakta grusas och faller i ett långsamt grått tumult hit in. 

När vi dör ska vi falla ur tiden och vara i den stora tiden. Det är sagt så. Vi ska vandra där likt strutsar, likt strutsars avkomma, eller likt strutsars ägg, i ultrarapid med halsar vajande i ett grågrönt dis, som i en film om en öken som man ser en vanlig vit onsdag eftermiddag. 

Glömskan finns också mellan människor i nästan varje ögonblink, ja bokstavligen för när människor blinkar är dom där, bakom ögonlocken pågår ett ingenting, en orgie, som dom inte kan slita sig ifrån, dom måste dit igen och igen. Men dom kämpar denna kamp var och en för sig, så ensamma, ty att älska glömskan är en skam bland människor, vi har alla lovat att ständigt finnas tillhands, och med det menas: ständigt.

- Thomas Tidholm

Uppgift: Vad är titeln för texten? 

a) Stora tid 
b) Glömskan 
c) Katten 
d) Ögonblick 

Svar: b)

Uppgift: Vilket av svarsalternativen stämmer bäst överens med hur texten beskriver människans förhållande till glömskan? 

a) Människan försöker besegra glömskan för att hålla liv i minnena. 
b) Människan vill till glömskan för att slippa vara ensam. 
c) Människan bekämpar glömskan men är rädd för minnena. 
d) Människan lockas av glömskan men måste stå emot den

Svar:",d)
13,"Kalvning i och utanför hägn
Inom ramen för ett regeringsuppdrag genomför Viltskadecenter en studie av hur åtgärderna ”kalvning i hägn” och ”områdesriktad jakt” kan användas för att minska antalet rovdjursdödade renar. Studien görs i samarbete med Udtja sameby, Gällivare skogs sameby, Avdelningen för renskötsel vid Sveriges lantbruksuniversitet (SLU) och Skandinaviska björnprojektet, och kommer att pågå till 2016.
 
2013 kalvade samtliga vajor i de båda samebyarna i hägn. Under första veckan i juli vägdes varje renkalv och individmärktes med öronbricka. 900 kalvar försågs också med proximity-sändare, som kommunicerar med sändare som sitter på märkta björnar i området. Om en kalv dör skickar kalvens sändare ut en mortalitetssignal.
 
Under sommaren och hösten 2013 följde vi upp de tillfällen då sändarförsedda björnar varit nära sändarförsedda kalvar, för att se om kalvningen i hägn påverkat björnarnas predationstakt på renkalv. Vi flygpejlade även två gånger i veckan, för att lokalisera kalvsändare i mortalitetsläge. Dessa sändare hämtades sedan in från marken, och dödsorsaken bestämdes genom en enkel undersökning av resterna av kalven. I de fall rovdjur inte kunde dokumenteras vara dödsorsaken skickades kalvarna till Statens veterinärmedicinska anstalt (SVA) för obduktion.
 
I korthet kan vi konstatera att kalvning i hägn (kalvarna släpptes ut i början av juni) resulterade i en björnpredation på renkalvar nära noll, vilket var ett förväntat resultat. Vi noterade dock en relativt hög kalvdödlighet i de två hägnen med flest renar. I Udtja konstaterades parasiten nekrobacillos (kraftig infektion i munnen) vara orsaken till stora kalvförluster. Under vintern samlade vi vid ytterligare några tillfällen ihop renar, och bland dessa förekom infektionen fortfarande och resulterade i dödlighet. En försöksgrupp antibiotikabehandlades av veterinär från Svenska Djurhälsovården. De stora förlusterna till följd av sjukdomar har resulterat i att vi kommer att lägga mer tid än planerat på att ta fram rekommendationer och rutiner som kan minska risken för liknande utbrott i framtiden.
 
Första veckan i april 2014 var det hög aktivitet inom studien. De vajor som skulle ingå i studien under våren vägdes och dräktighetstestades av ett antal renskötare från de båda samebyarna, två veterinärer från Finland respektive SVA, forskare och studenter från Skandinaviska björnprojektet och Avdelningen för renskötsel samt Viltskadecenter.
 
Två olika metoder användes för att säkerställa dräktigheten hos vajorna. Den finska veterinären Heikki Sirkkola, som har stor erfarenhet av dräktighetstester, utförde ett ultraljud på vajorna för att upptäcka eventuella foster. Dessutom utförde veterinär Erik Ågren från SVA en manuell genomgång av vajorna, där han kände på varje vajas mage efter en kalv. Eftersom kalvfostren vid den här årstiden är ganska stora går det bra att känna fostret utifrån. De båda veterinärerna var i de flesta fall helt överens. De vajor som konstaterats dräktiga i båda testerna delades slumpmässigt in i två olika grupper: en grupp som skulle fodras och kalva i hägn och en kontrollgrupp som skulle gå lös i skogen. Gamla halsband plockades av från vajor som varit märkta tidigare. Varje dräktig vaja försågs med ett nytt halsband med unikt idnummer, i en färg som visade vilken av grupperna hon tillhörde.
 
Testen och märkningen av renarna hade förberetts noggrant och över 800 vajor hanterades under de dagar som arbetet pågick. När renarna senare under sommaren samlades ihop, och kalvarna märktes, kunde eventuella skillnader mellan kalvningsframgång och överlevnad jämföras mellan gruppen i hägn, som varit skyddad från björn, och kontrollgruppen.
 
Sammanfattningsvis visar resultaten från 2013 och 2014 att björnpredation på renkalv kunde reduceras till noll då kalvningen skedde i hägn och renkalvarna släpptes ut ur kalvningshägnet efter första veckan i juni. Detta kan jämföras med resultaten från en tidigare studie, som gjorts i samma samebyar, där varje björnindivid i ­genomsnitt dödade 11 renkalvar per kalvningsperiod. Vi konstaterade dessutom att björnarna inte ”kompenserar”, alltså inte dödar fler kalvar, under sommar och höst om de inte haft tillgång till renkalvar under kalvningsperioden.
 
Kalvning i hägn visade sig således ha en positiv effekt när det gällde skydd mot predation. Hägnvistelsen kan dock medföra andra risker för kalvarnas hälsa och överlevnad. År 2013 var dödligheten under kalvningsperioden hög (omkring 10 %) i de två största (av de totalt fyra) hägnen, men låg (1,5 %) i de andra två. År 2014 var antalet renar i samtliga fyra hägn lägre. Då låg kalvdödligheten mellan 1,7 % och 4,0 % och vi såg, till skillnad från under 2013, inget samband mellan kalvdödlighet och djurtätheten i hägnen. De vanligaste dödsorsakerna i hägnen var utmärgling, övergivna kalvar och olika typer av infektioner. Bland kalvarna från det största hägnet (med nästan 1 000 vajor) hittades efter utsläppet dessutom 39 kalvar som drabbats av nekrobacillos, en smitta som de med all säkerhet ådragit sig under hägnvistelsen.
 
Resultaten tyder på att stort renantal och hög djurtäthet är riskfaktorer för såväl infektioner som dödlighet på grund av utmärgling eller att kalven blivit övergiven.
 
Eftersom vajorna utfodrades i samband med kalvningen i hägn ställde vi oss frågan om överlevnaden hos kalvarna kunde betraktas som ”naturlig” eller om utfodringen påverkade kalvöverlevnaden positivt. För att kunna ta hänsyn till effekten av såväl hägnvistelse som utfodring delade vi, som nämnts, i början av april 2014 upp vajorna i grupper där vi kombinerade utfodring/icke utfodring och kalvning i hägn/icke hägn. Dödligheten var låg (1,0–2,4 %) från juni till augusti hos kalvar från samtliga grupper, vilket tyder på att varken utfodring eller hägnvistelse hade någon effekt på överlevnaden under den här perioden.
 
De vajor som kalvade i hägn (skyddade från rovdjur under kalvningsperioden) hade en kalvöverlevnad på hösten på 95 %, oavsett grad av utfodring. Även bland de vajor som kalvade utanför hägnen var kalvöverlevnaden högre (75 %) 2014 jämfört med referensåren 2010–2012 (omkring 50 %). Eftersom resultatet bara gäller ett enskilt år kan vi i nuläget inte uttala oss om huruvida skillnaden beror på mellanårsvariation eller andra faktorer, till exempel en minskning av antalet björnar till följd av den ordinarie björnjakten.
 
Uppgift: Vad är titeln för texten?
 
a) Stora tid
b) Kalvning i och utanför hägn
c) Katten
d) Ögonblick
 
Svar: b) 
 
Uppgift: Den studie som texten handlar om sökte svar på en av nedanstående frågor. Vilken?
 
a) Hur många renkalvar dödar en björn i genomsnitt per kalvningsperiod?
b) Hur stor blir dödligheten hos renkalvar som  skyddas från rovdjur?
c) Hur många fler kalvar föds då vajor vistas i hägn jämfört med utanför hägn?
d) Hur stor andel av de rovdjursdödade renkalvarna dödas av björnar?
 
Svar:
",b)
14,"Kalvning i och utanför hägn
Inom ramen för ett regeringsuppdrag genomför Viltskadecenter en studie av hur åtgärderna ”kalvning i hägn” och ”områdesriktad jakt” kan användas för att minska antalet rovdjursdödade renar. Studien görs i samarbete med Udtja sameby, Gällivare skogs sameby, Avdelningen för renskötsel vid Sveriges lantbruksuniversitet (SLU) och Skandinaviska björnprojektet, och kommer att pågå till 2016.
 
2013 kalvade samtliga vajor i de båda samebyarna i hägn. Under första veckan i juli vägdes varje renkalv och individmärktes med öronbricka. 900 kalvar försågs också med proximity-sändare, som kommunicerar med sändare som sitter på märkta björnar i området. Om en kalv dör skickar kalvens sändare ut en mortalitetssignal.
 
Under sommaren och hösten 2013 följde vi upp de tillfällen då sändarförsedda björnar varit nära sändarförsedda kalvar, för att se om kalvningen i hägn påverkat björnarnas predationstakt på renkalv. Vi flygpejlade även två gånger i veckan, för att lokalisera kalvsändare i mortalitetsläge. Dessa sändare hämtades sedan in från marken, och dödsorsaken bestämdes genom en enkel undersökning av resterna av kalven. I de fall rovdjur inte kunde dokumenteras vara dödsorsaken skickades kalvarna till Statens veterinärmedicinska anstalt (SVA) för obduktion.
 
I korthet kan vi konstatera att kalvning i hägn (kalvarna släpptes ut i början av juni) resulterade i en björnpredation på renkalvar nära noll, vilket var ett förväntat resultat. Vi noterade dock en relativt hög kalvdödlighet i de två hägnen med flest renar. I Udtja konstaterades parasiten nekrobacillos (kraftig infektion i munnen) vara orsaken till stora kalvförluster. Under vintern samlade vi vid ytterligare några tillfällen ihop renar, och bland dessa förekom infektionen fortfarande och resulterade i dödlighet. En försöksgrupp antibiotikabehandlades av veterinär från Svenska Djurhälsovården. De stora förlusterna till följd av sjukdomar har resulterat i att vi kommer att lägga mer tid än planerat på att ta fram rekommendationer och rutiner som kan minska risken för liknande utbrott i framtiden.
 
Första veckan i april 2014 var det hög aktivitet inom studien. De vajor som skulle ingå i studien under våren vägdes och dräktighetstestades av ett antal renskötare från de båda samebyarna, två veterinärer från Finland respektive SVA, forskare och studenter från Skandinaviska björnprojektet och Avdelningen för renskötsel samt Viltskadecenter.
 
Två olika metoder användes för att säkerställa dräktigheten hos vajorna. Den finska veterinären Heikki Sirkkola, som har stor erfarenhet av dräktighetstester, utförde ett ultraljud på vajorna för att upptäcka eventuella foster. Dessutom utförde veterinär Erik Ågren från SVA en manuell genomgång av vajorna, där han kände på varje vajas mage efter en kalv. Eftersom kalvfostren vid den här årstiden är ganska stora går det bra att känna fostret utifrån. De båda veterinärerna var i de flesta fall helt överens. De vajor som konstaterats dräktiga i båda testerna delades slumpmässigt in i två olika grupper: en grupp som skulle fodras och kalva i hägn och en kontrollgrupp som skulle gå lös i skogen. Gamla halsband plockades av från vajor som varit märkta tidigare. Varje dräktig vaja försågs med ett nytt halsband med unikt idnummer, i en färg som visade vilken av grupperna hon tillhörde.
 
Testen och märkningen av renarna hade förberetts noggrant och över 800 vajor hanterades under de dagar som arbetet pågick. När renarna senare under sommaren samlades ihop, och kalvarna märktes, kunde eventuella skillnader mellan kalvningsframgång och överlevnad jämföras mellan gruppen i hägn, som varit skyddad från björn, och kontrollgruppen.
 
Sammanfattningsvis visar resultaten från 2013 och 2014 att björnpredation på renkalv kunde reduceras till noll då kalvningen skedde i hägn och renkalvarna släpptes ut ur kalvningshägnet efter första veckan i juni. Detta kan jämföras med resultaten från en tidigare studie, som gjorts i samma samebyar, där varje björnindivid i ­genomsnitt dödade 11 renkalvar per kalvningsperiod. Vi konstaterade dessutom att björnarna inte ”kompenserar”, alltså inte dödar fler kalvar, under sommar och höst om de inte haft tillgång till renkalvar under kalvningsperioden.
 
Kalvning i hägn visade sig således ha en positiv effekt när det gällde skydd mot predation. Hägnvistelsen kan dock medföra andra risker för kalvarnas hälsa och överlevnad. År 2013 var dödligheten under kalvningsperioden hög (omkring 10 %) i de två största (av de totalt fyra) hägnen, men låg (1,5 %) i de andra två. År 2014 var antalet renar i samtliga fyra hägn lägre. Då låg kalvdödligheten mellan 1,7 % och 4,0 % och vi såg, till skillnad från under 2013, inget samband mellan kalvdödlighet och djurtätheten i hägnen. De vanligaste dödsorsakerna i hägnen var utmärgling, övergivna kalvar och olika typer av infektioner. Bland kalvarna från det största hägnet (med nästan 1 000 vajor) hittades efter utsläppet dessutom 39 kalvar som drabbats av nekrobacillos, en smitta som de med all säkerhet ådragit sig under hägnvistelsen.
 
Resultaten tyder på att stort renantal och hög djurtäthet är riskfaktorer för såväl infektioner som dödlighet på grund av utmärgling eller att kalven blivit övergiven.
 
Eftersom vajorna utfodrades i samband med kalvningen i hägn ställde vi oss frågan om överlevnaden hos kalvarna kunde betraktas som ”naturlig” eller om utfodringen påverkade kalvöverlevnaden positivt. För att kunna ta hänsyn till effekten av såväl hägnvistelse som utfodring delade vi, som nämnts, i början av april 2014 upp vajorna i grupper där vi kombinerade utfodring/icke utfodring och kalvning i hägn/icke hägn. Dödligheten var låg (1,0–2,4 %) från juni till augusti hos kalvar från samtliga grupper, vilket tyder på att varken utfodring eller hägnvistelse hade någon effekt på överlevnaden under den här perioden.
 
De vajor som kalvade i hägn (skyddade från rovdjur under kalvningsperioden) hade en kalvöverlevnad på hösten på 95 %, oavsett grad av utfodring. Även bland de vajor som kalvade utanför hägnen var kalvöverlevnaden högre (75 %) 2014 jämfört med referensåren 2010–2012 (omkring 50 %). Eftersom resultatet bara gäller ett enskilt år kan vi i nuläget inte uttala oss om huruvida skillnaden beror på mellanårsvariation eller andra faktorer, till exempel en minskning av antalet björnar till följd av den ordinarie björnjakten.
 
Uppgift: Vad är titeln för texten?
 
a) Stora tid
b) Kalvning i och utanför hägn
c) Katten
d) Ögonblick
 
Svar: b) 
 
Uppgift: Vad framstår utifrån texten som viktigt för att fler kalvar födda i hägn ska överleva?
 
a) Att kalvarna släpps ut tidigare på sommaren.
b) Att antalet renar i hägnen begränsas.
c) Att kalvarna utfodras under hela sommaren.
d) Att enbart dräktiga vajor vistas i hägnen.
 
Svar:",b)
15,"Kalvning i och utanför hägn
Inom ramen för ett regeringsuppdrag genomför Viltskadecenter en studie av hur åtgärderna ”kalvning i hägn” och ”områdesriktad jakt” kan användas för att minska antalet rovdjursdödade renar. Studien görs i samarbete med Udtja sameby, Gällivare skogs sameby, Avdelningen för renskötsel vid Sveriges lantbruksuniversitet (SLU) och Skandinaviska björnprojektet, och kommer att pågå till 2016.
 
2013 kalvade samtliga vajor i de båda samebyarna i hägn. Under första veckan i juli vägdes varje renkalv och individmärktes med öronbricka. 900 kalvar försågs också med proximity-sändare, som kommunicerar med sändare som sitter på märkta björnar i området. Om en kalv dör skickar kalvens sändare ut en mortalitetssignal.
 
Under sommaren och hösten 2013 följde vi upp de tillfällen då sändarförsedda björnar varit nära sändarförsedda kalvar, för att se om kalvningen i hägn påverkat björnarnas predationstakt på renkalv. Vi flygpejlade även två gånger i veckan, för att lokalisera kalvsändare i mortalitetsläge. Dessa sändare hämtades sedan in från marken, och dödsorsaken bestämdes genom en enkel undersökning av resterna av kalven. I de fall rovdjur inte kunde dokumenteras vara dödsorsaken skickades kalvarna till Statens veterinärmedicinska anstalt (SVA) för obduktion.
 
I korthet kan vi konstatera att kalvning i hägn (kalvarna släpptes ut i början av juni) resulterade i en björnpredation på renkalvar nära noll, vilket var ett förväntat resultat. Vi noterade dock en relativt hög kalvdödlighet i de två hägnen med flest renar. I Udtja konstaterades parasiten nekrobacillos (kraftig infektion i munnen) vara orsaken till stora kalvförluster. Under vintern samlade vi vid ytterligare några tillfällen ihop renar, och bland dessa förekom infektionen fortfarande och resulterade i dödlighet. En försöksgrupp antibiotikabehandlades av veterinär från Svenska Djurhälsovården. De stora förlusterna till följd av sjukdomar har resulterat i att vi kommer att lägga mer tid än planerat på att ta fram rekommendationer och rutiner som kan minska risken för liknande utbrott i framtiden.
 
Första veckan i april 2014 var det hög aktivitet inom studien. De vajor som skulle ingå i studien under våren vägdes och dräktighetstestades av ett antal renskötare från de båda samebyarna, två veterinärer från Finland respektive SVA, forskare och studenter från Skandinaviska björnprojektet och Avdelningen för renskötsel samt Viltskadecenter.
 
Två olika metoder användes för att säkerställa dräktigheten hos vajorna. Den finska veterinären Heikki Sirkkola, som har stor erfarenhet av dräktighetstester, utförde ett ultraljud på vajorna för att upptäcka eventuella foster. Dessutom utförde veterinär Erik Ågren från SVA en manuell genomgång av vajorna, där han kände på varje vajas mage efter en kalv. Eftersom kalvfostren vid den här årstiden är ganska stora går det bra att känna fostret utifrån. De båda veterinärerna var i de flesta fall helt överens. De vajor som konstaterats dräktiga i båda testerna delades slumpmässigt in i två olika grupper: en grupp som skulle fodras och kalva i hägn och en kontrollgrupp som skulle gå lös i skogen. Gamla halsband plockades av från vajor som varit märkta tidigare. Varje dräktig vaja försågs med ett nytt halsband med unikt idnummer, i en färg som visade vilken av grupperna hon tillhörde.
 
Testen och märkningen av renarna hade förberetts noggrant och över 800 vajor hanterades under de dagar som arbetet pågick. När renarna senare under sommaren samlades ihop, och kalvarna märktes, kunde eventuella skillnader mellan kalvningsframgång och överlevnad jämföras mellan gruppen i hägn, som varit skyddad från björn, och kontrollgruppen.
 
Sammanfattningsvis visar resultaten från 2013 och 2014 att björnpredation på renkalv kunde reduceras till noll då kalvningen skedde i hägn och renkalvarna släpptes ut ur kalvningshägnet efter första veckan i juni. Detta kan jämföras med resultaten från en tidigare studie, som gjorts i samma samebyar, där varje björnindivid i ­genomsnitt dödade 11 renkalvar per kalvningsperiod. Vi konstaterade dessutom att björnarna inte ”kompenserar”, alltså inte dödar fler kalvar, under sommar och höst om de inte haft tillgång till renkalvar under kalvningsperioden.
 
Kalvning i hägn visade sig således ha en positiv effekt när det gällde skydd mot predation. Hägnvistelsen kan dock medföra andra risker för kalvarnas hälsa och överlevnad. År 2013 var dödligheten under kalvningsperioden hög (omkring 10 %) i de två största (av de totalt fyra) hägnen, men låg (1,5 %) i de andra två. År 2014 var antalet renar i samtliga fyra hägn lägre. Då låg kalvdödligheten mellan 1,7 % och 4,0 % och vi såg, till skillnad från under 2013, inget samband mellan kalvdödlighet och djurtätheten i hägnen. De vanligaste dödsorsakerna i hägnen var utmärgling, övergivna kalvar och olika typer av infektioner. Bland kalvarna från det största hägnet (med nästan 1 000 vajor) hittades efter utsläppet dessutom 39 kalvar som drabbats av nekrobacillos, en smitta som de med all säkerhet ådragit sig under hägnvistelsen.
 
Resultaten tyder på att stort renantal och hög djurtäthet är riskfaktorer för såväl infektioner som dödlighet på grund av utmärgling eller att kalven blivit övergiven.
 
Eftersom vajorna utfodrades i samband med kalvningen i hägn ställde vi oss frågan om överlevnaden hos kalvarna kunde betraktas som ”naturlig” eller om utfodringen påverkade kalvöverlevnaden positivt. För att kunna ta hänsyn till effekten av såväl hägnvistelse som utfodring delade vi, som nämnts, i början av april 2014 upp vajorna i grupper där vi kombinerade utfodring/icke utfodring och kalvning i hägn/icke hägn. Dödligheten var låg (1,0–2,4 %) från juni till augusti hos kalvar från samtliga grupper, vilket tyder på att varken utfodring eller hägnvistelse hade någon effekt på överlevnaden under den här perioden.
 
De vajor som kalvade i hägn (skyddade från rovdjur under kalvningsperioden) hade en kalvöverlevnad på hösten på 95 %, oavsett grad av utfodring. Även bland de vajor som kalvade utanför hägnen var kalvöverlevnaden högre (75 %) 2014 jämfört med referensåren 2010–2012 (omkring 50 %). Eftersom resultatet bara gäller ett enskilt år kan vi i nuläget inte uttala oss om huruvida skillnaden beror på mellanårsvariation eller andra faktorer, till exempel en minskning av antalet björnar till följd av den ordinarie björnjakten.
 
Uppgift: Vad är titeln för texten?
 
a) Stora tid
b) Kalvning i och utanför hägn
c) Katten
d) Ögonblick
 
Svar: b)  
 
Uppgift: Vilket övergripande resultat visade den aktuella studien, enligt texten?
 
a) Färre kalvar smittades av infektioner jämfört  med tidigare år.
b) Fler kalvar dog i hägn jämfört med tidigare år.
c) Färre kalvar dödades av björnar jämfört med  tidigare år.
d) Fler kalvar överlevde tack vare utfodring jämfört med tidigare år.
 
Svar:",c)
16,"Kalvning i och utanför hägn
Inom ramen för ett regeringsuppdrag genomför Viltskadecenter en studie av hur åtgärderna ”kalvning i hägn” och ”områdesriktad jakt” kan användas för att minska antalet rovdjursdödade renar. Studien görs i samarbete med Udtja sameby, Gällivare skogs sameby, Avdelningen för renskötsel vid Sveriges lantbruksuniversitet (SLU) och Skandinaviska björnprojektet, och kommer att pågå till 2016.
 
2013 kalvade samtliga vajor i de båda samebyarna i hägn. Under första veckan i juli vägdes varje renkalv och individmärktes med öronbricka. 900 kalvar försågs också med proximity-sändare, som kommunicerar med sändare som sitter på märkta björnar i området. Om en kalv dör skickar kalvens sändare ut en mortalitetssignal.
 
Under sommaren och hösten 2013 följde vi upp de tillfällen då sändarförsedda björnar varit nära sändarförsedda kalvar, för att se om kalvningen i hägn påverkat björnarnas predationstakt på renkalv. Vi flygpejlade även två gånger i veckan, för att lokalisera kalvsändare i mortalitetsläge. Dessa sändare hämtades sedan in från marken, och dödsorsaken bestämdes genom en enkel undersökning av resterna av kalven. I de fall rovdjur inte kunde dokumenteras vara dödsorsaken skickades kalvarna till Statens veterinärmedicinska anstalt (SVA) för obduktion.
 
I korthet kan vi konstatera att kalvning i hägn (kalvarna släpptes ut i början av juni) resulterade i en björnpredation på renkalvar nära noll, vilket var ett förväntat resultat. Vi noterade dock en relativt hög kalvdödlighet i de två hägnen med flest renar. I Udtja konstaterades parasiten nekrobacillos (kraftig infektion i munnen) vara orsaken till stora kalvförluster. Under vintern samlade vi vid ytterligare några tillfällen ihop renar, och bland dessa förekom infektionen fortfarande och resulterade i dödlighet. En försöksgrupp antibiotikabehandlades av veterinär från Svenska Djurhälsovården. De stora förlusterna till följd av sjukdomar har resulterat i att vi kommer att lägga mer tid än planerat på att ta fram rekommendationer och rutiner som kan minska risken för liknande utbrott i framtiden.
 
Första veckan i april 2014 var det hög aktivitet inom studien. De vajor som skulle ingå i studien under våren vägdes och dräktighetstestades av ett antal renskötare från de båda samebyarna, två veterinärer från Finland respektive SVA, forskare och studenter från Skandinaviska björnprojektet och Avdelningen för renskötsel samt Viltskadecenter.
 
Två olika metoder användes för att säkerställa dräktigheten hos vajorna. Den finska veterinären Heikki Sirkkola, som har stor erfarenhet av dräktighetstester, utförde ett ultraljud på vajorna för att upptäcka eventuella foster. Dessutom utförde veterinär Erik Ågren från SVA en manuell genomgång av vajorna, där han kände på varje vajas mage efter en kalv. Eftersom kalvfostren vid den här årstiden är ganska stora går det bra att känna fostret utifrån. De båda veterinärerna var i de flesta fall helt överens. De vajor som konstaterats dräktiga i båda testerna delades slumpmässigt in i två olika grupper: en grupp som skulle fodras och kalva i hägn och en kontrollgrupp som skulle gå lös i skogen. Gamla halsband plockades av från vajor som varit märkta tidigare. Varje dräktig vaja försågs med ett nytt halsband med unikt idnummer, i en färg som visade vilken av grupperna hon tillhörde.
 
Testen och märkningen av renarna hade förberetts noggrant och över 800 vajor hanterades under de dagar som arbetet pågick. När renarna senare under sommaren samlades ihop, och kalvarna märktes, kunde eventuella skillnader mellan kalvningsframgång och överlevnad jämföras mellan gruppen i hägn, som varit skyddad från björn, och kontrollgruppen.
 
Sammanfattningsvis visar resultaten från 2013 och 2014 att björnpredation på renkalv kunde reduceras till noll då kalvningen skedde i hägn och renkalvarna släpptes ut ur kalvningshägnet efter första veckan i juni. Detta kan jämföras med resultaten från en tidigare studie, som gjorts i samma samebyar, där varje björnindivid i ­genomsnitt dödade 11 renkalvar per kalvningsperiod. Vi konstaterade dessutom att björnarna inte ”kompenserar”, alltså inte dödar fler kalvar, under sommar och höst om de inte haft tillgång till renkalvar under kalvningsperioden.
 
Kalvning i hägn visade sig således ha en positiv effekt när det gällde skydd mot predation. Hägnvistelsen kan dock medföra andra risker för kalvarnas hälsa och överlevnad. År 2013 var dödligheten under kalvningsperioden hög (omkring 10 %) i de två största (av de totalt fyra) hägnen, men låg (1,5 %) i de andra två. År 2014 var antalet renar i samtliga fyra hägn lägre. Då låg kalvdödligheten mellan 1,7 % och 4,0 % och vi såg, till skillnad från under 2013, inget samband mellan kalvdödlighet och djurtätheten i hägnen. De vanligaste dödsorsakerna i hägnen var utmärgling, övergivna kalvar och olika typer av infektioner. Bland kalvarna från det största hägnet (med nästan 1 000 vajor) hittades efter utsläppet dessutom 39 kalvar som drabbats av nekrobacillos, en smitta som de med all säkerhet ådragit sig under hägnvistelsen.
 
Resultaten tyder på att stort renantal och hög djurtäthet är riskfaktorer för såväl infektioner som dödlighet på grund av utmärgling eller att kalven blivit övergiven.
 
Eftersom vajorna utfodrades i samband med kalvningen i hägn ställde vi oss frågan om överlevnaden hos kalvarna kunde betraktas som ”naturlig” eller om utfodringen påverkade kalvöverlevnaden positivt. För att kunna ta hänsyn till effekten av såväl hägnvistelse som utfodring delade vi, som nämnts, i början av april 2014 upp vajorna i grupper där vi kombinerade utfodring/icke utfodring och kalvning i hägn/icke hägn. Dödligheten var låg (1,0–2,4 %) från juni till augusti hos kalvar från samtliga grupper, vilket tyder på att varken utfodring eller hägnvistelse hade någon effekt på överlevnaden under den här perioden.
 
De vajor som kalvade i hägn (skyddade från rovdjur under kalvningsperioden) hade en kalvöverlevnad på hösten på 95 %, oavsett grad av utfodring. Även bland de vajor som kalvade utanför hägnen var kalvöverlevnaden högre (75 %) 2014 jämfört med referensåren 2010–2012 (omkring 50 %). Eftersom resultatet bara gäller ett enskilt år kan vi i nuläget inte uttala oss om huruvida skillnaden beror på mellanårsvariation eller andra faktorer, till exempel en minskning av antalet björnar till följd av den ordinarie björnjakten.
 
Uppgift: Vad är titeln för texten?
 
a) Stora tid
b) Kalvning i och utanför hägn
c) Katten
d) Ögonblick
 
Svar: b)  
 
Uppgift 4: Vilken oförutsedd konsekvens har studiens resultat fått, enligt texten?
 
a) Att projektet i högre grad kommer att inriktas på  förebyggande insatser mot infektioner.
b) Att samebyarna kommer att minska storleken på sina hägn.
c) Att nya enhetliga rutiner för att konstatera dräktighet kommer att utformas.
d) Att utfodringen av lösgående renar kommer att utökas.
 
Svar:",a)
17,"Ideologisk skoldebatt 
Gabriel Heller Sahlgren, doktorand vid London School of Economics och knuten till Institutet för näringslivsforskning, har på senare tid figurerat flitigt i medierna med uttalanden om hur man ska lösa ”skolans kris”, vilken ses som synonym med de fallande resultaten i internationella kunskapsmätningar som Pisa. Heller Sahlgren härleder delvis denna kris till 1990-talet och det han kallar ”individanpassade undervisningsmetoder”, men hävdar att förfallet startade långt tidigare än så: nämligen i och med progressiva pedagogiska idéers inflytande över svensk skola under efterkrigstiden. 


Som gymnasielärare, humanist och doktorand i litteraturvetenskap med didaktisk inriktning blir jag brydd av att läsa hans svepande förklaringsmodeller. I tidningen Axess skriver Heller Sahlgren: ”I den radikala tidsanda som rådde under efterkrigstiden sågs den traditionella skolan som en relik från ett auktoritetsstyrt samhälle som skulle brytas ner.” Det han inte nämner är att efterkrigstiden innebar den brytpunkt då den svenska skolan beslutade sig för att den, förutom kunskapsuppdraget, också skulle ha ett demokratiskt fostransuppdrag – ett beslut som tillkom som en direkt effekt av händelserna under andra världskriget. 

I 1946 års skolkommissions betänkande med förslag till riktlinjer för det svenska skolväsendets utveckling står att läsa: “Därvid bör tagas i sikte, att vissa egenskaper både ur samhällets och individens synpunkt är särskilt värdefulla och samtidigt möjliga att genom uppfostran utveckla. Självständigheten är en sådan egenskap. Dess värde har särskilt uppmärksammats i debatten om de totalitära regimernas psykologiska förutsättningar. Av medborgaren i ett folkstyrt samhälle bör man fordra ett kritiskt sinnelag, som ger motståndskraft mot andliga farsoter. Demokratin har ingen nytta av osjälvständiga massmänniskor.” 


Vi talar alltså om en skola som bryter med en kristen värdeförmedling och en tydlig auktoritetsstyrning – företeelser som 1946 års skolkommission kallar för ”starkt medeltida inslag i nutida pedagogik” – för att på demokratisk grund sträva efter att utveckla elevers självständighet och kritiska tänkande. Att hävda att detta skulle vara början på allt elände inom den svenska skolan måste ses som ett anmärkningsvärt påstående. 

Heller Sahlgren avvisar också helt marknadiseringen av skolan som en möjlig, negativ påverkansfaktor på resultatutvecklingen. I en artikel i Dagens Samhälle skriver han: ”Debattörer hävdar fortfarande att New Public Management – ett diffust begrepp som ofta inkluderar konkurrens, resultatmätningar och ansvarsutkrävande – har förstört skolväsendet. Något forskningsstöd för denna idé har aldrig presenterats. Förklaringen är enkel: det finns inget.” 

Detta stämmer inte. Studien Gymnasiet som marknad från 2014 undersöker New Public Management på den svenska skolans område. Den visar att såväl lärare och rektorer som studie- och yrkesvägledare anser att nya arbetsuppgifter, såsom ökad dokumentation och marknadsföring, ökar arbetsbelastningen och tar tid från det centrala i arbetet, det vill säga pedagogisk ledning och undervisning. 

En annan slutsats som dras av studien är att betoningen av enkelt mätbara resultat innebär en devalvering av läraryrket. Uppgiften att bidra till elevernas allsidiga utveckling, till aktivt deltagande i yrkes- och samhällslivet samt till utvecklingen av ett demokratiskt samhälle, tonas ned och ersätts av rollen som effektiv leverantör av enkelt mätbara kunskaper. 

I rapporten Betygsinflation – betygen och den faktiska kunskapsutvecklingen från 2012 konstaterar Skolverket att ökad konkurrens mellan skolor skapar incitament för betygsinflation. När elevernas betyg blir en del av skolans marknadsföring kan det skapas ett tryck på betygssättningen från ledningshåll, samtidigt som det kan vara frestande för den enskilda läraren att sätta höga betyg för att framstå som en skicklig lärare med bra resultat. Kunskapsresultaten blir alltså ett starkt konkurrensmedel inte bara mellan skolor utan också mellan lärare, inte minst när det gäller möjligheten att söka mer välbetalda karriärtjänster som förstelärare eller lektor. 

Att mot bakgrund av detta avfärda marknadiseringen av skolan – som för övrigt påbörjades under 1990-talet, det vill säga under den period då Heller Sahlgren menar att skolan på allvar började förfalla – som en obetydlig faktor i utvecklingen är att inte ta sin vetenskapligt kritiska uppgift som doktorand på allvar. 

Mot detta kan argumenteras att en studie som Gymnasiet som marknad utgår ifrån uppfattningar, vad lärare tycker eller tror. Studien skulle kunna sägas handla om ”rent ideologiska ställningstaganden” från ”utbildningsintelligentian världen över”, som Gabriel Heller Sahlgren uttrycker det i Axess. Lustigt nog ställer sådana formuleringar honom själv utanför den ”utbildningsintelligentia” som han beskriver. 

Detta för mig in på det allvarligaste problemet med Heller Sahlgrens sätt att argumentera. Jag har svårt att avgöra om han medvetet försöker hymla med sina marknadsfundamentalistiska premisser eller om han på allvar inte ser att många av hans ställningstaganden är lika ideologiska som dem han kritiserar. I Axess skriver han: “Skolan bör inte sträva efter att efterlikna samhället i stort. Dess natur kräver auktoritet och traditioner, som paradoxalt minskar i betydelse utanför dess väggar. Elever är inte vuxna människor och vi bör heller inte behandla dem som sådana. Den frihet vi åtnjuter i samhället är alltså inte alltid önskvärd inom skolsystemet. Utbildningens paradox i det postindustriella samhället är kanske snarare att det i dag är än viktigare att upprätthålla auktoritativa strukturer och traditionella relationer i skolan. Nu när liknande strukturer och relationer har rämnat i världen utanför. För ingen offentlig institution har så stor möjlighet att påverka elevers normer och värderingar i rätt riktning som just skolan. Med alltför egalitära relationer mellan elever och vuxna riskerar den dock i stället att driva på utvecklingen mot mindre acceptans för institutionen och dess auktoriteter ytterligare.” 


Jag ska försöka föregå med gott exempel: Mina egna synpunkter på skolan har en ideologisk grund. Jag anser att skolan inte enbart ska utformas efter ekonomiska kalkyler och jag anser att det är relevant vad lärare upplever, tror och tänker samt hur elever mår. 

Gabriel Heller Sahlgren och jag kan säkert enas om att en sten som släpps från handen med stor sannolikhet kommer att färdas nedåt, men det förblir en gåta för mig hur en diskussion om utbildning skulle kunna vara renons på ideologiska ställningstaganden. Är det inte bättre då att vi är öppna med vår ideologi? Så kanske vi kan ha en ideologisk debatt om vad som bör vara målet med utbildning, i stället för att förklä våra egna värdeomdömen till självklarheter och sunt förnufft.

- Gustav Borsgård

Uppgift: Vad är titeln för texten? 

a) Stora tid 
b) Ideologisk skoldebatt 
c) Katten 
d) Ögonblick 

Svar: b)

Uppgift: Textförfattaren kritiserar Heller Sahlgrens beskrivning av den svenska skolan på flera punkter. Vad (VILKEN) av följande tycks de vara oeniga om?

a) Vilka krafter som drev fram marknadstänkandet  i skolsektorn.
b) I vilken omfattning elevernas kunskaper har försämrats sedan 1990-talet.
c) Värdet av skolans tydliga kursändring vid 1900-talets mitt.
d) I vilken grad det politiska styret har påverkat skolväsendets utveckling.

Svar:",c)
18,"Ideologisk skoldebatt 
Gabriel Heller Sahlgren, doktorand vid London School of Economics och knuten till Institutet för näringslivsforskning, har på senare tid figurerat flitigt i medierna med uttalanden om hur man ska lösa ”skolans kris”, vilken ses som synonym med de fallande resultaten i internationella kunskapsmätningar som Pisa. Heller Sahlgren härleder delvis denna kris till 1990-talet och det han kallar ”individanpassade undervisningsmetoder”, men hävdar att förfallet startade långt tidigare än så: nämligen i och med progressiva pedagogiska idéers inflytande över svensk skola under efterkrigstiden. 


Som gymnasielärare, humanist och doktorand i litteraturvetenskap med didaktisk inriktning blir jag brydd av att läsa hans svepande förklaringsmodeller. I tidningen Axess skriver Heller Sahlgren: ”I den radikala tidsanda som rådde under efterkrigstiden sågs den traditionella skolan som en relik från ett auktoritetsstyrt samhälle som skulle brytas ner.” Det han inte nämner är att efterkrigstiden innebar den brytpunkt då den svenska skolan beslutade sig för att den, förutom kunskapsuppdraget, också skulle ha ett demokratiskt fostransuppdrag – ett beslut som tillkom som en direkt effekt av händelserna under andra världskriget. 

I 1946 års skolkommissions betänkande med förslag till riktlinjer för det svenska skolväsendets utveckling står att läsa: “Därvid bör tagas i sikte, att vissa egenskaper både ur samhällets och individens synpunkt är särskilt värdefulla och samtidigt möjliga att genom uppfostran utveckla. Självständigheten är en sådan egenskap. Dess värde har särskilt uppmärksammats i debatten om de totalitära regimernas psykologiska förutsättningar. Av medborgaren i ett folkstyrt samhälle bör man fordra ett kritiskt sinnelag, som ger motståndskraft mot andliga farsoter. Demokratin har ingen nytta av osjälvständiga massmänniskor.” 


Vi talar alltså om en skola som bryter med en kristen värdeförmedling och en tydlig auktoritetsstyrning – företeelser som 1946 års skolkommission kallar för ”starkt medeltida inslag i nutida pedagogik” – för att på demokratisk grund sträva efter att utveckla elevers självständighet och kritiska tänkande. Att hävda att detta skulle vara början på allt elände inom den svenska skolan måste ses som ett anmärkningsvärt påstående. 

Heller Sahlgren avvisar också helt marknadiseringen av skolan som en möjlig, negativ påverkansfaktor på resultatutvecklingen. I en artikel i Dagens Samhälle skriver han: ”Debattörer hävdar fortfarande att New Public Management – ett diffust begrepp som ofta inkluderar konkurrens, resultatmätningar och ansvarsutkrävande – har förstört skolväsendet. Något forskningsstöd för denna idé har aldrig presenterats. Förklaringen är enkel: det finns inget.” 

Detta stämmer inte. Studien Gymnasiet som marknad från 2014 undersöker New Public Management på den svenska skolans område. Den visar att såväl lärare och rektorer som studie- och yrkesvägledare anser att nya arbetsuppgifter, såsom ökad dokumentation och marknadsföring, ökar arbetsbelastningen och tar tid från det centrala i arbetet, det vill säga pedagogisk ledning och undervisning. 

En annan slutsats som dras av studien är att betoningen av enkelt mätbara resultat innebär en devalvering av läraryrket. Uppgiften att bidra till elevernas allsidiga utveckling, till aktivt deltagande i yrkes- och samhällslivet samt till utvecklingen av ett demokratiskt samhälle, tonas ned och ersätts av rollen som effektiv leverantör av enkelt mätbara kunskaper. 

I rapporten Betygsinflation – betygen och den faktiska kunskapsutvecklingen från 2012 konstaterar Skolverket att ökad konkurrens mellan skolor skapar incitament för betygsinflation. När elevernas betyg blir en del av skolans marknadsföring kan det skapas ett tryck på betygssättningen från ledningshåll, samtidigt som det kan vara frestande för den enskilda läraren att sätta höga betyg för att framstå som en skicklig lärare med bra resultat. Kunskapsresultaten blir alltså ett starkt konkurrensmedel inte bara mellan skolor utan också mellan lärare, inte minst när det gäller möjligheten att söka mer välbetalda karriärtjänster som förstelärare eller lektor. 

Att mot bakgrund av detta avfärda marknadiseringen av skolan – som för övrigt påbörjades under 1990-talet, det vill säga under den period då Heller Sahlgren menar att skolan på allvar började förfalla – som en obetydlig faktor i utvecklingen är att inte ta sin vetenskapligt kritiska uppgift som doktorand på allvar. 

Mot detta kan argumenteras att en studie som Gymnasiet som marknad utgår ifrån uppfattningar, vad lärare tycker eller tror. Studien skulle kunna sägas handla om ”rent ideologiska ställningstaganden” från ”utbildningsintelligentian världen över”, som Gabriel Heller Sahlgren uttrycker det i Axess. Lustigt nog ställer sådana formuleringar honom själv utanför den ”utbildningsintelligentia” som han beskriver. 

Detta för mig in på det allvarligaste problemet med Heller Sahlgrens sätt att argumentera. Jag har svårt att avgöra om han medvetet försöker hymla med sina marknadsfundamentalistiska premisser eller om han på allvar inte ser att många av hans ställningstaganden är lika ideologiska som dem han kritiserar. I Axess skriver han: “Skolan bör inte sträva efter att efterlikna samhället i stort. Dess natur kräver auktoritet och traditioner, som paradoxalt minskar i betydelse utanför dess väggar. Elever är inte vuxna människor och vi bör heller inte behandla dem som sådana. Den frihet vi åtnjuter i samhället är alltså inte alltid önskvärd inom skolsystemet. Utbildningens paradox i det postindustriella samhället är kanske snarare att det i dag är än viktigare att upprätthålla auktoritativa strukturer och traditionella relationer i skolan. Nu när liknande strukturer och relationer har rämnat i världen utanför. För ingen offentlig institution har så stor möjlighet att påverka elevers normer och värderingar i rätt riktning som just skolan. Med alltför egalitära relationer mellan elever och vuxna riskerar den dock i stället att driva på utvecklingen mot mindre acceptans för institutionen och dess auktoriteter ytterligare.” 


Jag ska försöka föregå med gott exempel: Mina egna synpunkter på skolan har en ideologisk grund. Jag anser att skolan inte enbart ska utformas efter ekonomiska kalkyler och jag anser att det är relevant vad lärare upplever, tror och tänker samt hur elever mår. 

Gabriel Heller Sahlgren och jag kan säkert enas om att en sten som släpps från handen med stor sannolikhet kommer att färdas nedåt, men det förblir en gåta för mig hur en diskussion om utbildning skulle kunna vara renons på ideologiska ställningstaganden. Är det inte bättre då att vi är öppna med vår ideologi? Så kanske vi kan ha en ideologisk debatt om vad som bör vara målet med utbildning, i stället för att förklä våra egna värdeomdömen till självklarheter och sunt förnufft.

- Gustav Borsgård

Uppgift: Vad är titeln för texten? 

a) Stora tid 
b) Ideologisk skoldebatt 
c) Katten 
d) Ögonblick 

Svar: b)

Uppgift: Textförfattaren refererar till en studie av gymnasiet från 2014. I vilket huvudsakligt syfte gör han det?

a) Han vill stärka sin egen ståndpunkt att skolresultaten har försämrats.
b) Han vill understryka gymnasiets centrala men klart förändrade roll.
c) Han vill betona att få studier har belyst skolsystemets nedmontering.
d) Han vill visa att det finns belägg för hans syn på marknadiseringens effekter.

Svar:",d)
19,"Ideologisk skoldebatt 
Gabriel Heller Sahlgren, doktorand vid London School of Economics och knuten till Institutet för näringslivsforskning, har på senare tid figurerat flitigt i medierna med uttalanden om hur man ska lösa ”skolans kris”, vilken ses som synonym med de fallande resultaten i internationella kunskapsmätningar som Pisa. Heller Sahlgren härleder delvis denna kris till 1990-talet och det han kallar ”individanpassade undervisningsmetoder”, men hävdar att förfallet startade långt tidigare än så: nämligen i och med progressiva pedagogiska idéers inflytande över svensk skola under efterkrigstiden. 


Som gymnasielärare, humanist och doktorand i litteraturvetenskap med didaktisk inriktning blir jag brydd av att läsa hans svepande förklaringsmodeller. I tidningen Axess skriver Heller Sahlgren: ”I den radikala tidsanda som rådde under efterkrigstiden sågs den traditionella skolan som en relik från ett auktoritetsstyrt samhälle som skulle brytas ner.” Det han inte nämner är att efterkrigstiden innebar den brytpunkt då den svenska skolan beslutade sig för att den, förutom kunskapsuppdraget, också skulle ha ett demokratiskt fostransuppdrag – ett beslut som tillkom som en direkt effekt av händelserna under andra världskriget. 

I 1946 års skolkommissions betänkande med förslag till riktlinjer för det svenska skolväsendets utveckling står att läsa: “Därvid bör tagas i sikte, att vissa egenskaper både ur samhällets och individens synpunkt är särskilt värdefulla och samtidigt möjliga att genom uppfostran utveckla. Självständigheten är en sådan egenskap. Dess värde har särskilt uppmärksammats i debatten om de totalitära regimernas psykologiska förutsättningar. Av medborgaren i ett folkstyrt samhälle bör man fordra ett kritiskt sinnelag, som ger motståndskraft mot andliga farsoter. Demokratin har ingen nytta av osjälvständiga massmänniskor.” 


Vi talar alltså om en skola som bryter med en kristen värdeförmedling och en tydlig auktoritetsstyrning – företeelser som 1946 års skolkommission kallar för ”starkt medeltida inslag i nutida pedagogik” – för att på demokratisk grund sträva efter att utveckla elevers självständighet och kritiska tänkande. Att hävda att detta skulle vara början på allt elände inom den svenska skolan måste ses som ett anmärkningsvärt påstående. 

Heller Sahlgren avvisar också helt marknadiseringen av skolan som en möjlig, negativ påverkansfaktor på resultatutvecklingen. I en artikel i Dagens Samhälle skriver han: ”Debattörer hävdar fortfarande att New Public Management – ett diffust begrepp som ofta inkluderar konkurrens, resultatmätningar och ansvarsutkrävande – har förstört skolväsendet. Något forskningsstöd för denna idé har aldrig presenterats. Förklaringen är enkel: det finns inget.” 

Detta stämmer inte. Studien Gymnasiet som marknad från 2014 undersöker New Public Management på den svenska skolans område. Den visar att såväl lärare och rektorer som studie- och yrkesvägledare anser att nya arbetsuppgifter, såsom ökad dokumentation och marknadsföring, ökar arbetsbelastningen och tar tid från det centrala i arbetet, det vill säga pedagogisk ledning och undervisning. 

En annan slutsats som dras av studien är att betoningen av enkelt mätbara resultat innebär en devalvering av läraryrket. Uppgiften att bidra till elevernas allsidiga utveckling, till aktivt deltagande i yrkes- och samhällslivet samt till utvecklingen av ett demokratiskt samhälle, tonas ned och ersätts av rollen som effektiv leverantör av enkelt mätbara kunskaper. 

I rapporten Betygsinflation – betygen och den faktiska kunskapsutvecklingen från 2012 konstaterar Skolverket att ökad konkurrens mellan skolor skapar incitament för betygsinflation. När elevernas betyg blir en del av skolans marknadsföring kan det skapas ett tryck på betygssättningen från ledningshåll, samtidigt som det kan vara frestande för den enskilda läraren att sätta höga betyg för att framstå som en skicklig lärare med bra resultat. Kunskapsresultaten blir alltså ett starkt konkurrensmedel inte bara mellan skolor utan också mellan lärare, inte minst när det gäller möjligheten att söka mer välbetalda karriärtjänster som förstelärare eller lektor. 

Att mot bakgrund av detta avfärda marknadiseringen av skolan – som för övrigt påbörjades under 1990-talet, det vill säga under den period då Heller Sahlgren menar att skolan på allvar började förfalla – som en obetydlig faktor i utvecklingen är att inte ta sin vetenskapligt kritiska uppgift som doktorand på allvar. 

Mot detta kan argumenteras att en studie som Gymnasiet som marknad utgår ifrån uppfattningar, vad lärare tycker eller tror. Studien skulle kunna sägas handla om ”rent ideologiska ställningstaganden” från ”utbildningsintelligentian världen över”, som Gabriel Heller Sahlgren uttrycker det i Axess. Lustigt nog ställer sådana formuleringar honom själv utanför den ”utbildningsintelligentia” som han beskriver. 

Detta för mig in på det allvarligaste problemet med Heller Sahlgrens sätt att argumentera. Jag har svårt att avgöra om han medvetet försöker hymla med sina marknadsfundamentalistiska premisser eller om han på allvar inte ser att många av hans ställningstaganden är lika ideologiska som dem han kritiserar. I Axess skriver han: “Skolan bör inte sträva efter att efterlikna samhället i stort. Dess natur kräver auktoritet och traditioner, som paradoxalt minskar i betydelse utanför dess väggar. Elever är inte vuxna människor och vi bör heller inte behandla dem som sådana. Den frihet vi åtnjuter i samhället är alltså inte alltid önskvärd inom skolsystemet. Utbildningens paradox i det postindustriella samhället är kanske snarare att det i dag är än viktigare att upprätthålla auktoritativa strukturer och traditionella relationer i skolan. Nu när liknande strukturer och relationer har rämnat i världen utanför. För ingen offentlig institution har så stor möjlighet att påverka elevers normer och värderingar i rätt riktning som just skolan. Med alltför egalitära relationer mellan elever och vuxna riskerar den dock i stället att driva på utvecklingen mot mindre acceptans för institutionen och dess auktoriteter ytterligare.” 


Jag ska försöka föregå med gott exempel: Mina egna synpunkter på skolan har en ideologisk grund. Jag anser att skolan inte enbart ska utformas efter ekonomiska kalkyler och jag anser att det är relevant vad lärare upplever, tror och tänker samt hur elever mår. 

Gabriel Heller Sahlgren och jag kan säkert enas om att en sten som släpps från handen med stor sannolikhet kommer att färdas nedåt, men det förblir en gåta för mig hur en diskussion om utbildning skulle kunna vara renons på ideologiska ställningstaganden. Är det inte bättre då att vi är öppna med vår ideologi? Så kanske vi kan ha en ideologisk debatt om vad som bör vara målet med utbildning, i stället för att förklä våra egna värdeomdömen till självklarheter och sunt förnufft.

- Gustav Borsgård

Uppgift: Vad är titeln för texten? 

a) Stora tid 
b) Ideologisk skoldebatt 
c) Katten 
d) Ögonblick 

Svar: b)

Uppgift: I vilken utsträckning uttrycks ideologiskt färgade uppfattningar i den förda diskussionen, enligt textförfattaren? 

a) Sådana uppfattningar framförs av textförfattaren själv men inte av Heller Sahlgren. 
b) Sådana uppfattningar framförs av Heller Sahlgren men inte av textförfattaren själv. 
c) Sådana uppfattningar framförs både av textförfattaren själv och av Heller Sahlgren. 
d) Sådana uppfattningar framförs varken av textförfattaren själv eller av Heller Sahlgren. 

Svar:",c)
20,"Ideologisk skoldebatt 
Gabriel Heller Sahlgren, doktorand vid London School of Economics och knuten till Institutet för näringslivsforskning, har på senare tid figurerat flitigt i medierna med uttalanden om hur man ska lösa ”skolans kris”, vilken ses som synonym med de fallande resultaten i internationella kunskapsmätningar som Pisa. Heller Sahlgren härleder delvis denna kris till 1990-talet och det han kallar ”individanpassade undervisningsmetoder”, men hävdar att förfallet startade långt tidigare än så: nämligen i och med progressiva pedagogiska idéers inflytande över svensk skola under efterkrigstiden. 

Som gymnasielärare, humanist och doktorand i litteraturvetenskap med didaktisk inriktning blir jag brydd av att läsa hans svepande förklaringsmodeller. I tidningen Axess skriver Heller Sahlgren: ”I den radikala tidsanda som rådde under efterkrigstiden sågs den traditionella skolan som en relik från ett auktoritetsstyrt samhälle som skulle brytas ner.” Det han inte nämner är att efterkrigstiden innebar den brytpunkt då den svenska skolan beslutade sig för att den, förutom kunskapsuppdraget, också skulle ha ett demokratiskt fostransuppdrag – ett beslut som tillkom som en direkt effekt av händelserna under andra världskriget. 

I 1946 års skolkommissions betänkande med förslag till riktlinjer för det svenska skolväsendets utveckling står att läsa: “Därvid bör tagas i sikte, att vissa egenskaper både ur samhällets och individens synpunkt är särskilt värdefulla och samtidigt möjliga att genom uppfostran utveckla. Självständigheten är en sådan egenskap. Dess värde har särskilt uppmärksammats i debatten om de totalitära regimernas psykologiska förutsättningar. Av medborgaren i ett folkstyrt samhälle bör man fordra ett kritiskt sinnelag, som ger motståndskraft mot andliga farsoter. Demokratin har ingen nytta av osjälvständiga massmänniskor.” 

Vi talar alltså om en skola som bryter med en kristen värdeförmedling och en tydlig auktoritetsstyrning – företeelser som 1946 års skolkommission kallar för ”starkt medeltida inslag i nutida pedagogik” – för att på demokratisk grund sträva efter att utveckla elevers självständighet och kritiska tänkande. Att hävda att detta skulle vara början på allt elände inom den svenska skolan måste ses som ett anmärkningsvärt påstående. 

Heller Sahlgren avvisar också helt marknadiseringen av skolan som en möjlig, negativ påverkansfaktor på resultatutvecklingen. I en artikel i Dagens Samhälle skriver han: ”Debattörer hävdar fortfarande att New Public Management – ett diffust begrepp som ofta inkluderar konkurrens, resultatmätningar och ansvarsutkrävande – har förstört skolväsendet. Något forskningsstöd för denna idé har aldrig presenterats. Förklaringen är enkel: det finns inget.” 

Detta stämmer inte. Studien Gymnasiet som marknad från 2014 undersöker New Public Management på den svenska skolans område. Den visar att såväl lärare och rektorer som studie- och yrkesvägledare anser att nya arbetsuppgifter, såsom ökad dokumentation och marknadsföring, ökar arbetsbelastningen och tar tid från det centrala i arbetet, det vill säga pedagogisk ledning och undervisning. 

En annan slutsats som dras av studien är att betoningen av enkelt mätbara resultat innebär en devalvering av läraryrket. Uppgiften att bidra till elevernas allsidiga utveckling, till aktivt deltagande i yrkes- och samhällslivet samt till utvecklingen av ett demokratiskt samhälle, tonas ned och ersätts av rollen som effektiv leverantör av enkelt mätbara kunskaper. 

I rapporten Betygsinflation – betygen och den faktiska kunskapsutvecklingen från 2012 konstaterar Skolverket att ökad konkurrens mellan skolor skapar incitament för betygsinflation. När elevernas betyg blir en del av skolans marknadsföring kan det skapas ett tryck på betygssättningen från ledningshåll, samtidigt som det kan vara frestande för den enskilda läraren att sätta höga betyg för att framstå som en skicklig lärare med bra resultat. Kunskapsresultaten blir alltså ett starkt konkurrensmedel inte bara mellan skolor utan också mellan lärare, inte minst när det gäller möjligheten att söka mer välbetalda karriärtjänster som förstelärare eller lektor. 

Att mot bakgrund av detta avfärda marknadiseringen av skolan – som för övrigt påbörjades under 1990-talet, det vill säga under den period då Heller Sahlgren menar att skolan på allvar började förfalla – som en obetydlig faktor i utvecklingen är att inte ta sin vetenskapligt kritiska uppgift som doktorand på allvar. 

Mot detta kan argumenteras att en studie som Gymnasiet som marknad utgår ifrån uppfattningar, vad lärare tycker eller tror. Studien skulle kunna sägas handla om ”rent ideologiska ställningstaganden” från ”utbildningsintelligentian världen över”, som Gabriel Heller Sahlgren uttrycker det i Axess. Lustigt nog ställer sådana formuleringar honom själv utanför den ”utbildningsintelligentia” som han beskriver. 

Detta för mig in på det allvarligaste problemet med Heller Sahlgrens sätt att argumentera. Jag har svårt att avgöra om han medvetet försöker hymla med sina marknadsfundamentalistiska premisser eller om han på allvar inte ser att många av hans ställningstaganden är lika ideologiska som dem han kritiserar. I Axess skriver han: “Skolan bör inte sträva efter att efterlikna samhället i stort. Dess natur kräver auktoritet och traditioner, som paradoxalt minskar i betydelse utanför dess väggar. Elever är inte vuxna människor och vi bör heller inte behandla dem som sådana. Den frihet vi åtnjuter i samhället är alltså inte alltid önskvärd inom skolsystemet. Utbildningens paradox i det postindustriella samhället är kanske snarare att det i dag är än viktigare att upprätthålla auktoritativa strukturer och traditionella relationer i skolan. Nu när liknande strukturer och relationer har rämnat i världen utanför. För ingen offentlig institution har så stor möjlighet att påverka elevers normer och värderingar i rätt riktning som just skolan. Med alltför egalitära relationer mellan elever och vuxna riskerar den dock i stället att driva på utvecklingen mot mindre acceptans för institutionen och dess auktoriteter ytterligare.” 

Jag ska försöka föregå med gott exempel: Mina egna synpunkter på skolan har en ideologisk grund. Jag anser att skolan inte enbart ska utformas efter ekonomiska kalkyler och jag anser att det är relevant vad lärare upplever, tror och tänker samt hur elever mår. 

Gabriel Heller Sahlgren och jag kan säkert enas om att en sten som släpps från handen med stor sannolikhet kommer att färdas nedåt, men det förblir en gåta för mig hur en diskussion om utbildning skulle kunna vara renons på ideologiska ställningstaganden. Är det inte bättre då att vi är öppna med vår ideologi? Så kanske vi kan ha en ideologisk debatt om vad som bör vara målet med utbildning, i stället för att förklä våra egna värdeomdömen till självklarheter och sunt förnufft.

- Gustav Borsgård

Uppgift: Vad är titeln för texten? 

a) Stora tid 
b) Ideologisk skoldebatt 
c) Katten 
d) Ögonblick 

Svar: b)

Uppgift: Hur betraktar textförfattaren sammanfattningsvis ideologiska inslag i skoldebatten? 

a) Som ofrånkomliga. 
b) Som efterfrågade. 
c) Som ignorerade. 
d) Som överflödiga

Svar:",a)
21,"Mening: Hej, jag _____  Kalle och är 28 år gammal.

a) heter
b) kanske
c) liknar
d) måste

Svar: a)

Mening: Hej, jag _____  Emil och är 25 år gammal. På fritiden _____  jag att spela golf.

a) heter - gillar
b) kanske - finns
c) liknar - måste
d) måste - katt

Svar: a)

Mening: 1700-talet brukar ibland kallas känslans århundrade. Under detta sekel hyllade man _____ : ett slags mottaglighet för känslor och en förmåga att beröras.

a) rationaliteten
b) harmonin
c) sensibiliteten
d) nostalgin

Svar:",c)
22,"Mening: Hej, jag _____  Kalle och är 28 år gammal.

a) heter
b) kanske
c) liknar
d) måste

Svar: a)

Mening: Hej, jag _____  Emil och är 25 år gammal. På fritiden _____  jag att spela golf.

a) heter - gillar
b) kanske - finns
c) liknar - måste
d) måste - katt

Svar: a)

Mening: Vinterbeskärning lämpar sig för att forma buskar och trädkronor samt för att _____ ut döda eller skadade grenar. En fördel med att beskära på vintern är att man kan se trädens _____ lättare än när kronorna omges av grönska.

a) glesa - rötter
b) gräva - skepnad
c) gyttra - grenar
d) gallra - struktur

Svar:
",d)
23,"Mening: Hej, jag _____  Kalle och är 28 år gammal.

a) heter
b) kanske
c) liknar
d) måste

Svar: a)

Mening: Hej, jag _____  Emil och är 25 år gammal. På fritiden _____  jag att spela golf.

a) heter - gillar
b) kanske - finns
c) liknar - måste
d) måste - katt

Svar: a)

Mening:  Diabetes mellitus är en endokrin sjukdom som medför att blodets innehåll av socker, _____ , är förhöjt. Liksom vid andra autoimmuna sjukdomar är _____ 
(sjukdomsorsaken) oklar. Tvillingstudier har visat att ärftlighet existerar, men resultaten är inte _____ .

a) glukos - etiologin - entydiga
b) aspartam - kausaliteten - påvisbara
c) insulin - patologin - relevanta
d) glykogen - diagnosen - påverkbara

Svar:",a)
24,"Mening: Hej, jag _____  Kalle och är 28 år gammal.

a) heter
b) kanske
c) liknar
d) måste

Svar: a)

Mening: Hej, jag _____  Emil och är 25 år gammal. På fritiden _____  jag att spela golf.

a) heter - gillar
b) kanske - finns
c) liknar - måste
d) måste - katt

Svar: a)

Mening: Kemisk pappersmassa ger ett starkt papper, som används till _____ och mjukpapper samt till skriv- och tryckpapper.

a) emballage
b) slitage
c) ensilage
d) montage

Svar:",a)
25,"Mening: Hej, jag _____  Kalle och är 28 år gammal.

a) heter
b) kanske
c) liknar
d) måste

Svar: a)

Mening: Hej, jag _____  Emil och är 25 år gammal. På fritiden _____  jag att spela golf.

a) heter - gillar
b) kanske - finns
c) liknar - måste
d) måste - katt

Svar: a)

Mening: En person som är utsatt för allvarliga hot kan få en ny identitet i form av _____ personuppgifter. Det innebär att personen kan få nytt namn och nytt personnummer, och det är endast polisen som har _____ till uppgifter om den tidigare identiteten.

a) anonyma – angivelser
b) hypotetiska – behörighet
c) fingerade – tillgång
d) provisoriska – befogenheter

Svar:",c)
26,"Mening: Hej, jag _____  Kalle och är 28 år gammal.

a) heter
b) kanske
c) liknar
d) måste

Svar: a)

Mening: Hej, jag _____  Emil och är 25 år gammal. På fritiden _____  jag att spela golf.

a) heter - gillar
b) kanske - finns
c) liknar - måste
d) måste - katt

Svar: a)

Mening: Krisen i landet utgjorde _____ på den stadiga försämring av det politiska klimatet som hade pågått i flera år.

a) zenit
b) kulmen
c) spetsen
d) krönet

Svar:",b)
27,"Mening: Hej, jag _____  Kalle och är 28 år gammal.

a) heter
b) kanske
c) liknar
d) måste

Svar: a)

Mening: Hej, jag _____  Emil och är 25 år gammal. På fritiden _____  jag att spela golf.

a) heter - gillar
b) kanske - finns
c) liknar - måste
d) måste - katt

Svar: a)

Menig: Våra _____ är beroende av våra tidigare erfarenheter och hur vi implicit lärt oss att 
kategorisera världen. Det är omöjligt att dra en skarp _____ mellan det förnumna och det härledda.

a) upplevelser – diagonal
b) förnimmelser – skiljelinje
c) slutsatser – kontur
d) egenskaper – avgränsning

Svar:",b)
28,"Mening: Hej, jag _____  Kalle och är 28 år gammal.

a) heter
b) kanske
c) liknar
d) måste

Svar: a)

Mening: Hej, jag _____  Emil och är 25 år gammal. På fritiden _____  jag att spela golf.

a) heter - gillar
b) kanske - finns
c) liknar - måste
d) måste - katt

Svar: a)

Mening: Det moderna välfärdssamhället lämnar utrymme för _____ grubblerier och en inre stress. Psykisk ohälsa har ett tydligt samband med vår stora frihet, alla valmöjligheter och den materiella tryggheten som ger utrymme att fundera över identitet och _____ . Ett sätt att beskriva det är att vi är stressade därför att vi _____ .

a) invärtes – självkänsla – inte kommer framåt
b) existentiella – mening – har det så bra
c) allvarliga – ursprung – vill för mycket
d) nervösa – framtidstro – lider av sömnbrist

Svar:",b)
29,"Mening: Hej, jag _____  Kalle och är 28 år gammal.

a) heter
b) kanske
c) liknar
d) måste

Svar: a)

Mening: Hej, jag _____  Emil och är 25 år gammal. På fritiden _____  jag att spela golf.

a) heter - gillar
b) kanske - finns
c) liknar - måste
d) måste - katt

Svar: a)

Mening: En skoldag kan mattelektionen hållas på italienska och historietimmen på ladinska, som är ett av Europas minsta språk och talas av ungefär 30 000 personer i Sydtyrolen. Nästa dag gör man en _____ och kör matte på ladinska och historia på italienska.

a) rekyl
b) rundgång
c) roulett
d) rockad

Svar:",d)
30,"Mening: Hej, jag _____  Kalle och är 28 år gammal.

a) heter
b) kanske
c) liknar
d) måste

Svar: a)

Mening: Hej, jag _____  Emil och är 25 år gammal. På fritiden _____  jag att spela golf.

a) heter - gillar
b) kanske - finns
c) liknar - måste
d) måste - katt

Svar: a)

Mening: Ta följande exempel: En tjänsteman har begärt en muta, utan att få något gehör. Att någon muta då inte har tagits emot kan betraktas som _____ , eftersom tjänstemannens _____ har varit att bryta mot principen om opartiskhet.

a) ovidkommande – uppsåt
b) otillbörligt – anledning
c) oklanderligt – strävan
d) oacceptabelt – inställning

Svar:",a)